Тип;Артикул;Имя;Опубликован;"Видимость в каталоге";Описание;"Базовая цена";Категории;Изображения;"Внешний URL";"Текст кнопки";EAN;Бренд
external;vse-516675;"Пазовая фасонная фреза по дереву Энкор 10635";1;visible;"<h4>Характеристики:</h4><table border=""1"" style=""border-collapse: collapse"";><tr><td>Внешний диаметр</td><td>28.600</td></tr><tr><td>Рабочая высота</td><td>13.000</td></tr><tr><td>Диаметр хвостовика</td><td>8</td></tr><tr><td>Тип</td><td>пазовая фасонная</td></tr><tr><td>Вид</td><td>концевая</td></tr></table>";909;"Расходные материалы>Для станков>Оснастка для фрезерных станков>Фрезы и наборы фрез>Фрезы по дереву";https://cdn.vseinstrumenti.ru/images/goods/516675/1000x1000/51131715.jpg;https://ypetp.com/g/bef1f6187aa4b2c6bd42ea9a5e8e92/?erid=LatgBxXun&f_id=24812&ulp=https%3A%2F%2Fwww.vseinstrumenti.ru%2Fproduct%2Ffreza-pazovaya-fasonnaya-28-6h13-mm-r-5-mm-hvostovik-8-mm-po-derevu-enkor-10635-516675%2F;Купить;4603434001788;Энкор
external;vse-1133867;"Пазовая фреза REDVERG 6625648";1;visible;"<h4>Характеристики:</h4><table border=""1"" style=""border-collapse: collapse"";><tr><td>Внешний диаметр</td><td>18.000</td></tr><tr><td>Рабочая высота</td><td>40.000</td></tr><tr><td>Общая длина</td><td>75.000</td></tr><tr><td>Вид</td><td>концевая</td></tr><tr><td>Диаметр хвостовика</td><td>12</td></tr><tr><td>Тип</td><td>пазовая прямая</td></tr></table>";538;"Расходные материалы>Для станков>Оснастка для фрезерных станков>Фрезы и наборы фрез>Фрезы по дереву";https://cdn.vseinstrumenti.ru/images/goods/1133867/1000x1000/74245273.jpg;https://ypetp.com/g/bef1f6187aa4b2c6bd42ea9a5e8e92/?erid=LatgBxXun&f_id=24812&ulp=https%3A%2F%2Fwww.vseinstrumenti.ru%2Fproduct%2Ffreza-pazovaya-hm-18h40h75-mm-z2-hvostovik-12-mm-redverg-6625648-1133867%2F;Купить;4630046776612;REDVERG
external;vse-1632782;"Набор фрез по дереву SKRAB 33344";1;visible;"<h4>Комплектация:</h4><ul> <li>Фрезы - 12 шт</li> </ul><br><h4>Характеристики:</h4><table border=""1"" style=""border-collapse: collapse"";><tr><td>Количество</td><td>12.000</td></tr><tr><td>Вид</td><td>концевая</td></tr><tr><td>Диаметр хвостовика</td><td>8</td></tr></table>";1712;"Расходные материалы>Для станков>Оснастка для фрезерных станков>Фрезы и наборы фрез>Наборы фрез по дереву";https://cdn.vseinstrumenti.ru/images/goods/1632782/1000x1000/132624926.jpg;https://ypetp.com/g/bef1f6187aa4b2c6bd42ea9a5e8e92/?erid=LatgBxXun&f_id=24812&ulp=https%3A%2F%2Fwww.vseinstrumenti.ru%2Fproduct%2Fnabor-frez-po-derevu-12-sht-12d-skrab-33344-1632782%2F;Купить;4750735333442;SKRAB
external;vse-1155045;"Набор фрез Gigant G-0812";1;visible;"Набор фрез Gigant G-0812 предназначен для фрезерных машин и фрезерных станков. Применяется для обработки древесины. В наборе 12 фрез различного профиля.<h4>Комплектация:</h4><ul> <li>Фреза пазовая галтельная L1=36 мм, L2=17 мм, D=13 мм, R=6.35 мм.</li> <li>Фреза кромочная галтельная L1=46.6 мм, L2=9.7/19.2 мм, D=22 мм, R=6.35 мм.</li> <li>Фреза ласточкин хвост 14 градусов L1=45.8 мм, L2=12 мм, D=12 мм.</li> <li>Фреза кромочная конусная 45 градусов L1=49.5 мм, L2=12.8/21.4 мм, D=32 мм.</li> <li>Фреза кромочная обгонная L1=47.4 мм, L2=13.3/23.2 мм, D=12.7 мм.</li> <li>Фреза пазовая прямая L1=46.5 мм, L2=19.6 мм, D=15.7 мм.</li> <li>Фреза кромочная калевочная L1=48.1 мм, L2=10.8/20 мм, D=22.8 мм.</li> <li>Фреза пазовая прямая L1=46.3 мм, L2=19.4 мм, D=12.6 мм.</li> <li>Фреза пазовая прямая L1=50 мм, L2=19.5 мм, D=6.5 мм.</li> <li>Фреза кромочная калевочная L1=52.4 мм, L2=15.5/24.5 мм, D=29.1 мм, R=9.5 мм.</li> <li>Фреза пазовая V-образная 90 градусов L1=38.1мм, L2=12 мм, D=12.8 мм.</li> <li>Фреза кромочная калевочная L1=50 мм, L2=12.9/22 мм, D=25.9 мм.</li> </ul><br><h4>Характеристики:</h4><table border=""1"" style=""border-collapse: collapse"";><tr><td>Посадочный диаметр фрез</td><td>8</td></tr><tr><td>Max диаметр фрезы</td><td>32</td></tr><tr><td>Min диаметр фрезы</td><td>6</td></tr><tr><td>Количество</td><td>12.000</td></tr><tr><td>Вид</td><td>концевая</td></tr><tr><td>Диаметр хвостовика</td><td>8</td></tr></table>";1186;"Расходные материалы>Для станков>Оснастка для фрезерных станков>Фрезы и наборы фрез>Наборы фрез по дереву";https://cdn.vseinstrumenti.ru/images/goods/1155045/1000x1000/56520224.jpg;https://ypetp.com/g/bef1f6187aa4b2c6bd42ea9a5e8e92/?erid=LatgBxXun&f_id=24812&ulp=https%3A%2F%2Fwww.vseinstrumenti.ru%2Fproduct%2Fnabor-frez-12-sht-hvostovik-8-mm-gigant-g-0812-1155045%2F;Купить;4627174670905;Gigant
external;vse-1106863;"Кромочная фальцевая фреза РОСОМАХА 1008";1;visible;"<h4>Характеристики:</h4><table border=""1"" style=""border-collapse: collapse"";><tr><td>Внешний диаметр</td><td>33.000</td></tr><tr><td>Рабочая высота</td><td>10.000</td></tr><tr><td>Вид</td><td>концевая</td></tr><tr><td>Диаметр хвостовика</td><td>8</td></tr><tr><td>Тип</td><td>фальцевая кромочная</td></tr></table>";550;"Расходные материалы>Для станков>Оснастка для фрезерных станков>Фрезы и наборы фрез>Фрезы по дереву";https://cdn.vseinstrumenti.ru/images/goods/1106863/1000x1000/51798878.jpg;https://ypetp.com/g/bef1f6187aa4b2c6bd42ea9a5e8e92/?erid=LatgBxXun&f_id=24812&ulp=https%3A%2F%2Fwww.vseinstrumenti.ru%2Fproduct%2Ffreza-kromochnaya-faltsevaya-seriya-1008-33x10-mm-hvostovik-8-mm-rosomaha-800807-1106863%2F;Купить;4603749355675;РОСОМАХА
external;vse-1662643;"Шпоночная цельная фреза Beltools ri.206.43";1;visible;"<h4>Характеристики:</h4><table border=""1"" style=""border-collapse: collapse"";><tr><td>Внешний диаметр</td><td>6.000</td></tr><tr><td>Длина фрезы</td><td>35.000</td></tr><tr><td>Длина режущей кромки</td><td>10.000</td></tr><tr><td>Вид</td><td>концевая</td></tr><tr><td>Тип хвостовика</td><td>цилиндрический</td></tr><tr><td>Тип</td><td>шпоночная</td></tr><tr><td>Диаметр хвостовика</td><td>6</td></tr><tr><td>Материал</td><td>ВК8</td></tr><tr><td>Количество зубьев</td><td>2</td></tr></table>";576;"Расходные материалы>Для станков>Оснастка для фрезерных станков>Фрезы и наборы фрез>Фрезы по металлу";https://cdn.vseinstrumenti.ru/images/goods/1662643/1000x1000/53882078.jpg;https://ypetp.com/g/bef1f6187aa4b2c6bd42ea9a5e8e92/?erid=LatgBxXun&f_id=24812&ulp=https%3A%2F%2Fwww.vseinstrumenti.ru%2Fproduct%2Ffreza-shponochnaya-tselnaya-6h10h35-mm-vk8-ts-hv-6-mm-2234-0205-gost-16463-80-beltools-ri-206-43-1662643%2F;Купить;4627201554192;Beltools
external;vse-130549;"Кромочная калевочная фреза по дереву Энкор ф19х10, r3.2, хв. 8мм";1;visible;"<h4>Характеристики:</h4><table border=""1"" style=""border-collapse: collapse"";><tr><td>Внешний диаметр</td><td>19.000</td></tr><tr><td>Рабочая высота</td><td>10.000</td></tr><tr><td>Диаметр хвостовика</td><td>8</td></tr><tr><td>Тип</td><td>кромочная</td></tr><tr><td>Вид</td><td>концевая</td></tr></table>";608;"Расходные материалы>Для станков>Оснастка для фрезерных станков>Фрезы и наборы фрез>Фрезы по дереву";https://cdn.vseinstrumenti.ru/images/goods/130549/1000x1000/54229924.jpg;https://ypetp.com/g/bef1f6187aa4b2c6bd42ea9a5e8e92/?erid=LatgBxXun&f_id=24812&ulp=https%3A%2F%2Fwww.vseinstrumenti.ru%2Fproduct%2Ffreza-kromochnaya-kalevochnaya-19h10-mm-r-3-2-mm-hvostovik-8-mm-po-derevu-enkor-9240-130549%2F;Купить;4607051005969;Энкор
external;vse-130220;"Кромочная калевочная фреза Энкор 9253";1;visible;"<h4>Характеристики:</h4><table border=""1"" style=""border-collapse: collapse"";><tr><td>Внешний диаметр</td><td>33.300</td></tr><tr><td>Рабочая высота</td><td>16.000</td></tr><tr><td>Диаметр хвостовика</td><td>8</td></tr><tr><td>Вид</td><td>концевая</td></tr><tr><td>Тип</td><td>кромочная</td></tr></table>";1177;"Расходные материалы>Для станков>Оснастка для фрезерных станков>Фрезы и наборы фрез>Фрезы по дереву";https://cdn.vseinstrumenti.ru/images/goods/130220/1000x1000/51071569.jpg;https://ypetp.com/g/bef1f6187aa4b2c6bd42ea9a5e8e92/?erid=LatgBxXun&f_id=24812&ulp=https%3A%2F%2Fwww.vseinstrumenti.ru%2Fproduct%2Ffreza-kromochnaya-kalevochnaya-33-3h16-mm-r-6-35-mm-hvostovik-8-mm-po-derevu-enkor-9253-130220%2F;Купить;4607051006126;Энкор
external;vse-1075882;"Кромочная калевочная фасочная фреза ЗУБР №9 ПРОФ.";1;visible;"<h4>Характеристики:</h4><table border=""1"" style=""border-collapse: collapse"";><tr><td>Внешний диаметр</td><td>50.800</td></tr><tr><td>Рабочая высота</td><td>23.000</td></tr><tr><td>Общая длина</td><td>66.500</td></tr><tr><td>Тип</td><td>кромочная</td></tr><tr><td>Диаметр хвостовика</td><td>8</td></tr><tr><td>Вид</td><td>концевая</td></tr></table>";1301;"Расходные материалы>Для станков>Оснастка для фрезерных станков>Фрезы и наборы фрез>Фрезы по дереву";https://cdn.vseinstrumenti.ru/images/goods/1075882/1000x1000/51500465.jpg;https://ypetp.com/g/bef1f6187aa4b2c6bd42ea9a5e8e92/?erid=LatgBxXun&f_id=24812&ulp=https%3A%2F%2Fwww.vseinstrumenti.ru%2Fproduct%2Ffreza-kromochnaya-kalevochnaya-fasochnaya-9-professional-50-8h23h66-5-mm-ugol-45-grad-hvostovik-8-mm-zubr-28711-50-8-1075882%2F;Купить;4606373257681;ЗУБР
external;vse-754006;"Сверла-фрезы VERTO 60H010";1;visible;"<h4>Комплектация:</h4><ul> <li>Фреза пазовая галтельная (9,5*40 мм, R 6,4 мм, хвостовик 8 мм)</li> <li>Фреза пазовая галтельная с V-образным наконечником (9,5*46,5, угол 90, хвостовик 8 мм)</li> <li>Фреза Ласточкин Хвост (12,7*47,5 мм, угол 14, хвостовик 8 мм)</li> <li>Фреза пазовая прямая (6* 53,7 мм, хвостовик 8 мм)</li> <li>Фреза пазовая прямая (12* 49 мм, хвостовик 8 мм)</li> <li>Фреза пазовая прямая (16* 48 мм, хвостовик 8 мм)</li> <li>Фреза кромочная прямая&nbsp;(9,5* 54,2 мм, хвостовик 8 мм)</li> <li>Фреза кромочная калевочная (22,2*50 мм, R 4,75 мм, хвостовик 8 мм)</li> <li>Фреза кромочная калевочная (25,4*53 мм, R 6,35 мм, хвостовик 8 мм)</li> <li>Фреза кромочная конусная (27*52,3 мм, угол 45, хвостовик 8 мм)</li> <li>Фреза кромочная калевочная (22,2*48 мм, R 6,35 мм, хвостовик 8 мм)</li> <li>Фреза кромочная прямая (12,7* 52,4 мм, хвостовик 8 мм).</li> </ul><br><h4>Характеристики:</h4><table border=""1"" style=""border-collapse: collapse"";><tr><td>Количество</td><td>12.000</td></tr><tr><td>Диаметр хвостовика</td><td>8</td></tr><tr><td>Вид</td><td>концевая</td></tr></table>";2667;"Расходные материалы>Для станков>Оснастка для фрезерных станков>Фрезы и наборы фрез>Наборы фрез по дереву";https://cdn.vseinstrumenti.ru/images/goods/754006/1000x1000/164198641.jpg;https://ypetp.com/g/bef1f6187aa4b2c6bd42ea9a5e8e92/?erid=LatgBxXun&f_id=24812&ulp=https%3A%2F%2Fwww.vseinstrumenti.ru%2Fproduct%2Fsverla-frezy-nabor-12-sht-hvostovik-8-mm-verto-60h010-754006%2F;Купить;5902062070197;VERTO
external;vse-1620951;"Набор фрез DEKO RBS12";1;visible;"<h4>Комплектация:</h4><ul> <li>1. Пазовая галтельная фреза DIA-12.7, R-6.3</li> <li>2. Пазовая конструкционная фреза «ласточкин хвост» DIA-12.7, ANGLE-14</li> <li>3. Пазовая прямая фреза DIA-16</li> <li>4. Пазовая прямая фреза DIA-12</li> <li>5. Пазовая прямая фреза DIA-6</li> <li>6. Пазовая V-образная фреза DIA-12.7, ANGLE-90</li> <li>7. Кромочная калевочная фреза DIA-22, R-6.3</li> <li>8. Кромочная калевочная фреза DIA-32, ANGLE 45</li> <li>9. Кромочная прямая фреза DIA-12.7</li> <li>10. Кромочная калевочная фреза DIA-22, R-6.3</li> <li>11. Кромочная калевочная фреза DIA-28.6, R-9.5</li> <li>12. Кромочная калевочная фреза DIA-25, R-4</li> <li>13. Шестигранный ключ 2,5 мм</li> </ul><br><h4>Характеристики:</h4><table border=""1"" style=""border-collapse: collapse"";><tr><td>Max диаметр фрезы</td><td>32</td></tr><tr><td>Min диаметр фрезы</td><td>6</td></tr><tr><td>Количество</td><td>12.000</td></tr><tr><td>Вид</td><td>концевая</td></tr><tr><td>Диаметр хвостовика</td><td>8</td></tr></table>";1154;"Расходные материалы>Для станков>Оснастка для фрезерных станков>Фрезы и наборы фрез>Наборы фрез по дереву";https://cdn.vseinstrumenti.ru/images/goods/1620951/1000x1000/72757784.jpg;https://ypetp.com/g/bef1f6187aa4b2c6bd42ea9a5e8e92/?erid=LatgBxXun&f_id=24812&ulp=https%3A%2F%2Fwww.vseinstrumenti.ru%2Fproduct%2Fnabor-frez-12-sht-rbs12-deko-065-0726-1620951%2F;Купить;6971674991854;DEKO
external;vse-1165745;"Кромочная калевочная фреза Энкор 46250";1;visible;"<h4>Характеристики:</h4><table border=""1"" style=""border-collapse: collapse"";><tr><td>Внешний диаметр</td><td>38.100</td></tr><tr><td>Рабочая высота</td><td>18.500</td></tr><tr><td>Общая длина</td><td>62.000</td></tr><tr><td>Тип</td><td>кромочная</td></tr><tr><td>Вид</td><td>концевая</td></tr><tr><td>Диаметр хвостовика</td><td>8</td></tr></table>";961;"Расходные материалы>Для станков>Оснастка для фрезерных станков>Фрезы и наборы фрез>Фрезы по дереву";https://cdn.vseinstrumenti.ru/images/goods/1165745/1000x1000/53846523.jpg;https://ypetp.com/g/bef1f6187aa4b2c6bd42ea9a5e8e92/?erid=LatgBxXun&f_id=24812&ulp=https%3A%2F%2Fwww.vseinstrumenti.ru%2Fproduct%2Ffreza-kromochnaya-kalevochnaya-38-1h18-5-mm-r12-7-mm-hv-8-mm-enkor-46250-1165745%2F;Купить;4603434116369;Энкор
external;vse-1300269;"Пазовая галтельная фреза Энкор 28049";1;visible;"<h4>Характеристики:</h4><table border=""1"" style=""border-collapse: collapse"";><tr><td>Внешний диаметр</td><td>31.800</td></tr><tr><td>Рабочая высота</td><td>19.000</td></tr><tr><td>Общая длина</td><td>51.000</td></tr><tr><td>Тип</td><td>пазовая галтельная</td></tr><tr><td>Вид</td><td>концевая</td></tr><tr><td>Диаметр хвостовика</td><td>8</td></tr></table>";1202;"Расходные материалы>Для станков>Оснастка для фрезерных станков>Фрезы и наборы фрез>Фрезы по дереву";https://cdn.vseinstrumenti.ru/images/goods/1300269/1000x1000/53981311.jpg;https://ypetp.com/g/bef1f6187aa4b2c6bd42ea9a5e8e92/?erid=LatgBxXun&f_id=24812&ulp=https%3A%2F%2Fwww.vseinstrumenti.ru%2Fproduct%2Ffreza-pazovaya-galtelnaya-v-obraznaya-90-31-8-mm-hvostovik-8-mm-enkor-28049-1300269%2F;Купить;4603434164001;Энкор
external;vse-716456;"Пазовая прямая фреза Энкор 46002";1;visible;"<h4>Характеристики:</h4><table border=""1"" style=""border-collapse: collapse"";><tr><td>Внешний диаметр</td><td>12.000</td></tr><tr><td>Рабочая высота</td><td>51.000</td></tr><tr><td>Общая длина</td><td>102.000</td></tr><tr><td>Диаметр хвостовика</td><td>12</td></tr><tr><td>Тип</td><td>пазовая прямая</td></tr><tr><td>Вид</td><td>концевая</td></tr></table>";997;"Расходные материалы>Для станков>Оснастка для фрезерных станков>Фрезы и наборы фрез>Фрезы по дереву";https://cdn.vseinstrumenti.ru/images/goods/716456/1000x1000/52484909.jpg;https://ypetp.com/g/bef1f6187aa4b2c6bd42ea9a5e8e92/?erid=LatgBxXun&f_id=24812&ulp=https%3A%2F%2Fwww.vseinstrumenti.ru%2Fproduct%2Ffreza-pazovaya-pryamaya-12h102-mm-hvostovik-12-mm-po-derevu-enkor-46002-716456%2F;Купить;4607051009998;Энкор
external;vse-549068;"Пазовая прямая фреза по дереву Bosch 10х25.4 мм; хвостовик 8 мм 2608628373";1;visible;"<h4>Характеристики:</h4><table border=""1"" style=""border-collapse: collapse"";><tr><td>Внешний диаметр</td><td>10.000</td></tr><tr><td>Рабочая высота</td><td>25.400</td></tr><tr><td>Диаметр хвостовика</td><td>8</td></tr><tr><td>Тип</td><td>пазовая прямая</td></tr><tr><td>Вид</td><td>концевая</td></tr></table>";653;"Расходные материалы>Для станков>Оснастка для фрезерных станков>Фрезы и наборы фрез>Фрезы по дереву";https://cdn.vseinstrumenti.ru/images/goods/549068/1000x1000/51062233.jpg;https://ypetp.com/g/bef1f6187aa4b2c6bd42ea9a5e8e92/?erid=LatgBxXun&f_id=24812&ulp=https%3A%2F%2Fwww.vseinstrumenti.ru%2Fproduct%2Ffreza-pazovaya-pryamaya-10h25-4-mm-hvostovik-8-mm-po-derevu-bosch-2608628373-549068%2F;Купить;3165140358347;Bosch
external;vse-130562;"Кромочная прямая фреза по дсп Энкор ф9,5х25 мм,хв.8 мм";1;visible;"<h4>Характеристики:</h4><table border=""1"" style=""border-collapse: collapse"";><tr><td>Внешний диаметр</td><td>9.500</td></tr><tr><td>Рабочая высота</td><td>25.000</td></tr><tr><td>Диаметр хвостовика</td><td>8</td></tr><tr><td>Тип</td><td>кромочная</td></tr><tr><td>Вид</td><td>концевая</td></tr></table>";630;"Расходные материалы>Для станков>Оснастка для фрезерных станков>Фрезы и наборы фрез>Фрезы по дереву";https://cdn.vseinstrumenti.ru/images/goods/130562/1000x1000/51066977.jpg;https://ypetp.com/g/bef1f6187aa4b2c6bd42ea9a5e8e92/?erid=LatgBxXun&f_id=24812&ulp=https%3A%2F%2Fwww.vseinstrumenti.ru%2Fproduct%2Ffreza-kromochnaya-pryamaya-9-5h25-mm-hvostovik-8-mm-po-dsp-enkor-28051-130562%2F;Купить;4603434006004;Энкор
external;vse-1104630;"Пазовая галтельная фреза РОСОМАХА 1005";1;visible;"<h4>Характеристики:</h4><table border=""1"" style=""border-collapse: collapse"";><tr><td>Внешний диаметр</td><td>22.000</td></tr><tr><td>Рабочая высота</td><td>14.000</td></tr><tr><td>Вид</td><td>концевая</td></tr><tr><td>Тип</td><td>пазовая галтельная</td></tr><tr><td>Диаметр хвостовика</td><td>8</td></tr></table>";536;"Расходные материалы>Для станков>Оснастка для фрезерных станков>Фрезы и наборы фрез>Фрезы по дереву";https://cdn.vseinstrumenti.ru/images/goods/1104630/1000x1000/67662793.jpg;https://ypetp.com/g/bef1f6187aa4b2c6bd42ea9a5e8e92/?erid=LatgBxXun&f_id=24812&ulp=https%3A%2F%2Fwww.vseinstrumenti.ru%2Fproduct%2Ffreza-pazovaya-galtelnaya-seriya-1005-22x14-mm-hvostovik-8-mm-rosomaha-800507-1104630%2F;Купить;4603749355422;РОСОМАХА
external;vse-517668;"Пазовая галтельная фреза Энкор 9299";1;visible;"<h4>Характеристики:</h4><table border=""1"" style=""border-collapse: collapse"";><tr><td>Внешний диаметр</td><td>25.400</td></tr><tr><td>Рабочая высота</td><td>16.000</td></tr><tr><td>Диаметр хвостовика</td><td>8</td></tr><tr><td>Тип</td><td>пазовая галтельная</td></tr><tr><td>Вид</td><td>концевая</td></tr></table>";926;"Расходные материалы>Для станков>Оснастка для фрезерных станков>Фрезы и наборы фрез>Фрезы по дереву";https://cdn.vseinstrumenti.ru/images/goods/517668/1000x1000/51131250.jpg;https://ypetp.com/g/bef1f6187aa4b2c6bd42ea9a5e8e92/?erid=LatgBxXun&f_id=24812&ulp=https%3A%2F%2Fwww.vseinstrumenti.ru%2Fproduct%2Ffreza-pazovaya-galtelnaya-25-4h16h44-mm-r12-7-hvostovik-8-mm-enkor-9299-517668%2F;Купить;4607051005730;Энкор
external;vse-130551;"Кромочная калевочная фреза по дереву Энкор 9244";1;visible;"<h4>Характеристики:</h4><table border=""1"" style=""border-collapse: collapse"";><tr><td>Внешний диаметр</td><td>38.100</td></tr><tr><td>Рабочая высота</td><td>19.000</td></tr><tr><td>Тип</td><td>кромочная</td></tr><tr><td>Вид</td><td>концевая</td></tr><tr><td>Диаметр хвостовика</td><td>8</td></tr></table>";921;"Расходные материалы>Для станков>Оснастка для фрезерных станков>Фрезы и наборы фрез>Фрезы по дереву";https://cdn.vseinstrumenti.ru/images/goods/130551/1000x1000/54229926.jpg;https://ypetp.com/g/bef1f6187aa4b2c6bd42ea9a5e8e92/?erid=LatgBxXun&f_id=24812&ulp=https%3A%2F%2Fwww.vseinstrumenti.ru%2Fproduct%2Ffreza-kromochnaya-kalevochnaya-38-1h19-mm-r-12-7-mm-hvostovik-8-mm-po-derevu-enkor-9244-130551%2F;Купить;4607051006010;Энкор
external;vse-1493497;"Пазовая галтельная фреза VIRA 553340";1;visible;"<h4>Характеристики:</h4><table border=""1"" style=""border-collapse: collapse"";><tr><td>Внешний диаметр</td><td>12.700</td></tr><tr><td>Рабочая высота</td><td>10.000</td></tr><tr><td>Общая длина</td><td>43.000</td></tr><tr><td>Тип</td><td>пазовая галтельная</td></tr><tr><td>Диаметр хвостовика</td><td>8</td></tr><tr><td>Вид</td><td>концевая</td></tr></table>";265;"Расходные материалы>Для станков>Оснастка для фрезерных станков>Фрезы и наборы фрез>Фрезы по дереву";https://cdn.vseinstrumenti.ru/images/goods/1493497/1000x1000/88375070.jpg;https://ypetp.com/g/bef1f6187aa4b2c6bd42ea9a5e8e92/?erid=LatgBxXun&f_id=24812&ulp=https%3A%2F%2Fwww.vseinstrumenti.ru%2Fproduct%2Ffreza-pazovaya-galtelnaya-12-7h10-mm-r6-35-mm-vira-553340-1493497%2F;Купить;4690521029268;VIRA
external;vse-130766;"Кромочная фреза по дереву Энкор 10525";1;visible;"<h4>Характеристики:</h4><table border=""1"" style=""border-collapse: collapse"";><tr><td>Внешний диаметр</td><td>12.700</td></tr><tr><td>Рабочая высота</td><td>51.000</td></tr><tr><td>Вид</td><td>концевая</td></tr><tr><td>Тип</td><td>кромочная</td></tr><tr><td>Диаметр хвостовика</td><td>12</td></tr></table>";1003;"Расходные материалы>Для станков>Оснастка для фрезерных станков>Фрезы и наборы фрез>Фрезы по дереву";https://cdn.vseinstrumenti.ru/images/goods/130766/1000x1000/51080470.jpg;https://ypetp.com/g/bef1f6187aa4b2c6bd42ea9a5e8e92/?erid=LatgBxXun&f_id=24812&ulp=https%3A%2F%2Fwww.vseinstrumenti.ru%2Fproduct%2Ffreza-kromochnaya-pryamaya-12-7h51-mm-hvostovik-12-mm-po-derevu-enkor-10525-130766%2F;Купить;4607051009493;Энкор
external;vse-515745;"Кромочная прямая фреза Энкор 10524";1;visible;"<h4>Характеристики:</h4><table border=""1"" style=""border-collapse: collapse"";><tr><td>Внешний диаметр</td><td>12.700</td></tr><tr><td>Рабочая высота</td><td>38.000</td></tr><tr><td>Вид</td><td>концевая</td></tr><tr><td>Тип</td><td>кромочная</td></tr><tr><td>Диаметр хвостовика</td><td>12</td></tr></table>";893;"Расходные материалы>Для станков>Оснастка для фрезерных станков>Фрезы и наборы фрез>Фрезы по дереву";https://cdn.vseinstrumenti.ru/images/goods/515745/1000x1000/53402734.jpg;https://ypetp.com/g/bef1f6187aa4b2c6bd42ea9a5e8e92/?erid=LatgBxXun&f_id=24812&ulp=https%3A%2F%2Fwww.vseinstrumenti.ru%2Fproduct%2Ffreza-kromochnaya-pryamaya-12-7h38-mm-hvostovik-12-mm-po-derevu-enkor-10524-515745%2F;Купить;4607051009486;Энкор
external;vse-1155064;"Пазовая прямая фреза Gigant G-0825";1;visible;"Фреза пазовая прямая Gigant G-0825 предназначен для фрезерных машин и фрезерных станков. Применяется для обработки древесины.<h4>Характеристики:</h4><table border=""1"" style=""border-collapse: collapse"";><tr><td>Внешний диаметр</td><td>8.100</td></tr><tr><td>Рабочая высота</td><td>25.200</td></tr><tr><td>Общая длина</td><td>60.800</td></tr><tr><td>Тип</td><td>пазовая прямая</td></tr><tr><td>Вид</td><td>концевая</td></tr><tr><td>Диаметр хвостовика</td><td>8</td></tr></table>";434;"Расходные материалы>Для станков>Оснастка для фрезерных станков>Фрезы и наборы фрез>Фрезы по дереву";https://cdn.vseinstrumenti.ru/images/goods/1155064/1000x1000/72324944.jpg;https://ypetp.com/g/bef1f6187aa4b2c6bd42ea9a5e8e92/?erid=LatgBxXun&f_id=24812&ulp=https%3A%2F%2Fwww.vseinstrumenti.ru%2Fproduct%2Ffreza-pazovaya-pryamaya-8-1x25-2x8-mm-gigant-g-0825-1155064%2F;Купить;4627174670943;Gigant
external;vse-1719415;"Слэбовая фреза для выравнивания дна PROCUT DMR-KM05";1;visible;"<h4>Характеристики:</h4><table border=""1"" style=""border-collapse: collapse"";><tr><td>Внешний диаметр</td><td>38.000</td></tr><tr><td>Рабочая высота</td><td>6.700</td></tr><tr><td>Общая длина</td><td>72.000</td></tr><tr><td>Диаметр хвостовика</td><td>8</td></tr><tr><td>Тип</td><td>дисковая</td></tr><tr><td>Вид</td><td>концевая</td></tr></table>";3676;"Расходные материалы>Для станков>Оснастка для фрезерных станков>Фрезы и наборы фрез>Фрезы по дереву";https://cdn.vseinstrumenti.ru/images/goods/1719415/1000x1000/88543611.jpg;https://ypetp.com/g/bef1f6187aa4b2c6bd42ea9a5e8e92/?erid=LatgBxXun&f_id=24812&ulp=https%3A%2F%2Fwww.vseinstrumenti.ru%2Fproduct%2Ffreza-slebovaya-dlya-vyravnivaniya-dna-38x6-7-72-mm-hvostovik-8-mm-4-zuba-procut-dmr-km05-1719415%2F;Купить;4603736009949;PROCUT
external;vse-1197674;"Пазовая прямая фреза FIT 3601-082512";1;visible;"<h4>Характеристики:</h4><table border=""1"" style=""border-collapse: collapse"";><tr><td>Внешний диаметр</td><td>12.000</td></tr><tr><td>Рабочая высота</td><td>25.000</td></tr><tr><td>Общая длина</td><td>60.400</td></tr><tr><td>Тип</td><td>пазовая прямая</td></tr><tr><td>Диаметр хвостовика</td><td>8</td></tr><tr><td>Вид</td><td>концевая</td></tr></table>";363;"Расходные материалы>Для станков>Оснастка для фрезерных станков>Фрезы и наборы фрез>Фрезы по дереву";https://cdn.vseinstrumenti.ru/images/goods/1197674/1000x1000/52124553.jpg;https://ypetp.com/g/bef1f6187aa4b2c6bd42ea9a5e8e92/?erid=LatgBxXun&f_id=24812&ulp=https%3A%2F%2Fwww.vseinstrumenti.ru%2Fproduct%2Ffreza-pazovaya-pryamaya-s-dvojnym-lezviem-12h25h60-4-mm-fit-3601-082512-1197674%2F;Купить;4640010960145;FIT
external;vse-1197626;"Фальцевая фреза FIT 3613-081338";1;visible;"<h4>Характеристики:</h4><table border=""1"" style=""border-collapse: collapse"";><tr><td>Внешний диаметр</td><td>38.100</td></tr><tr><td>Рабочая высота</td><td>13.000</td></tr><tr><td>Общая длина</td><td>57.300</td></tr><tr><td>Вид</td><td>концевая</td></tr><tr><td>Тип</td><td>фальцевая кромочная</td></tr><tr><td>Диаметр хвостовика</td><td>8</td></tr></table>";681;"Расходные материалы>Для станков>Оснастка для фрезерных станков>Фрезы и наборы фрез>Фрезы по дереву";https://cdn.vseinstrumenti.ru/images/goods/1197626/1000x1000/51453768.jpg;https://ypetp.com/g/bef1f6187aa4b2c6bd42ea9a5e8e92/?erid=LatgBxXun&f_id=24812&ulp=https%3A%2F%2Fwww.vseinstrumenti.ru%2Fproduct%2Ffreza-faltsevaya-38-1h13h57-3-mm-fit-3613-081338-1197626%2F;Купить;4640010960657;FIT
external;vse-130530;"Кромочная калевочная фреза по дереву Энкор ф28.6х16, r8, хв.8мм";1;visible;"<h4>Характеристики:</h4><table border=""1"" style=""border-collapse: collapse"";><tr><td>Внешний диаметр</td><td>28.600</td></tr><tr><td>Рабочая высота</td><td>16.000</td></tr><tr><td>Диаметр хвостовика</td><td>8</td></tr><tr><td>Тип</td><td>кромочная</td></tr><tr><td>Вид</td><td>концевая</td></tr></table>";924;"Расходные материалы>Для станков>Оснастка для фрезерных станков>Фрезы и наборы фрез>Фрезы по дереву";https://cdn.vseinstrumenti.ru/images/goods/130530/1000x1000/51071542.jpg;https://ypetp.com/g/bef1f6187aa4b2c6bd42ea9a5e8e92/?erid=LatgBxXun&f_id=24812&ulp=https%3A%2F%2Fwww.vseinstrumenti.ru%2Fproduct%2Ffreza-kromochnaya-kalevochnaya-28-6h16-mm-r-8-mm-hvostovik-8-mm-po-derevu-enkor-9242-130530%2F;Купить;4607051005990;Энкор
external;vse-1092829;"Набор фрез по дереву ЗУБР ПРОФ.";1;visible;"<h4>Комплектация:</h4><ul> <li>Кромочная калевочная&nbsp;№1 25.4 мм - 1 шт.</li> <li>Кромочная калевочная&nbsp;№1 31.8 мм&nbsp;- 1 шт.</li> <li>Кромочная калевочная №2 31.8 мм - 1 шт.</li> <li>Кромочная калевочная №6&nbsp;28.6&nbsp;мм - 1 шт.</li> <li>Кромочная калевочная №9&nbsp;34.8 мм&nbsp;- 1 шт.</li> <li>Кромочная прямая&nbsp;с нижним подшипником 12.7 мм - 1 шт.</li> <li>Пазовая галтельная 6.4 мм - 1 шт.</li> <li>Пазовая галтельная V-образная 12.7 мм - 1 шт.</li> <li>Пазовая прямая 6 мм - 1 шт.</li> <li>Пазовая прямая 12&nbsp;мм - 1 шт.</li> <li>Пазовая прямая 16&nbsp;мм - 1 шт.</li> <li>Пазовая фасонная Ласточкин хвост&nbsp;12.7 - 1 шт.</li> </ul><br><h4>Характеристики:</h4><table border=""1"" style=""border-collapse: collapse"";><tr><td>Max диаметр фрезы</td><td>34.9</td></tr><tr><td>Min диаметр фрезы</td><td>6</td></tr><tr><td>Количество</td><td>12.000</td></tr><tr><td>Диаметр хвостовика</td><td>8</td></tr><tr><td>Вид</td><td>концевая</td></tr></table>";3247;"Расходные материалы>Для станков>Оснастка для фрезерных станков>Фрезы и наборы фрез>Наборы фрез по дереву";https://cdn.vseinstrumenti.ru/images/goods/1092829/1000x1000/71932825.jpg;https://ypetp.com/g/bef1f6187aa4b2c6bd42ea9a5e8e92/?erid=LatgBxXun&f_id=24812&ulp=https%3A%2F%2Fwww.vseinstrumenti.ru%2Fproduct%2Fnabor-frez-po-derevu-12-sht-hvostovik-8-mm-zubr-28796-h12-1092829%2F;Купить;4606373259241;ЗУБР
external;vse-1110717;"Прямая пазовая фреза РОСОМАХА 1001";1;visible;"<h4>Характеристики:</h4><table border=""1"" style=""border-collapse: collapse"";><tr><td>Внешний диаметр</td><td>5.000</td></tr><tr><td>Рабочая высота</td><td>12.000</td></tr><tr><td>Тип</td><td>пазовая прямая</td></tr><tr><td>Диаметр хвостовика</td><td>8</td></tr><tr><td>Вид</td><td>концевая</td></tr></table>";291;"Расходные материалы>Для станков>Оснастка для фрезерных станков>Фрезы и наборы фрез>Фрезы по дереву";https://cdn.vseinstrumenti.ru/images/goods/1110717/1000x1000/51961312.jpg;https://ypetp.com/g/bef1f6187aa4b2c6bd42ea9a5e8e92/?erid=LatgBxXun&f_id=24812&ulp=https%3A%2F%2Fwww.vseinstrumenti.ru%2Fproduct%2Ffreza-pryamaya-pazovaya-seriya-1001-5x12-mm-hvostovik-8-mm-rosomaha-800103-1110717%2F;Купить;4603749355026;РОСОМАХА
external;vse-835598;"Цанговый патрон GRIFF NT30ER32";1;visible;"<h4>Характеристики:</h4><table border=""1"" style=""border-collapse: collapse"";><tr><td>Ключ в комплекте</td><td>нет</td></tr><tr><td>Цанги в комплекте</td><td>нет</td></tr><tr><td>Тип</td><td>патрон цанговый</td></tr><tr><td>Хвостовик</td><td>NT40</td></tr><tr><td>Тип используемых цанг</td><td>ER32</td></tr></table>";3736;"Расходные материалы>Для станков>Оснастка для фрезерных станков>Цанговые патроны для фрезерных станков";https://cdn.vseinstrumenti.ru/images/goods/835598/1000x1000/164154283.jpg;https://ypetp.com/g/bef1f6187aa4b2c6bd42ea9a5e8e92/?erid=LatgBxXun&f_id=24812&ulp=https%3A%2F%2Fwww.vseinstrumenti.ru%2Fproduct%2Fpatron-tsangovyj-nt40er32-hvostovik-konus-7-24-din2080-griff-b221123-835598%2F;Купить;4630026750137;GRIFF
external;vse-901480;"Дисковая трехсторонняя фреза Туламаш 138690";1;visible;"<h4>Характеристики:</h4><table border=""1"" style=""border-collapse: collapse"";><tr><td>Внешний диаметр</td><td>100.000</td></tr><tr><td>Длина режущей кромки</td><td>20.000</td></tr><tr><td>Материал</td><td>Р6М5</td></tr><tr><td>Количество зубьев</td><td>20</td></tr><tr><td>Тип хвостовика</td><td>нет</td></tr><tr><td>Вид</td><td>насадная</td></tr><tr><td>Тип</td><td>дисковая трехсторонняя</td></tr><tr><td>Внутренний диаметр</td><td>32</td></tr></table>";9376;"Расходные материалы>Для станков>Оснастка для фрезерных станков>Фрезы и наборы фрез>Фрезы по металлу";https://cdn.vseinstrumenti.ru/images/goods/901480/1000x1000/51979437.jpg;https://ypetp.com/g/bef1f6187aa4b2c6bd42ea9a5e8e92/?erid=LatgBxXun&f_id=24812&ulp=https%3A%2F%2Fwww.vseinstrumenti.ru%2Fproduct%2Ffreza-diskovaya-3-h-storonnyaya-100h20h32-mm-z-20-r6m5-tulamash-tm-138690-901480%2F;Купить;1100001386901;Туламаш
external;vse-903328;"Отрезная фреза Туламаш 39189";1;visible;"<h4>Характеристики:</h4><table border=""1"" style=""border-collapse: collapse"";><tr><td>Внешний диаметр</td><td>125.000</td></tr><tr><td>Высота шпоночного паза </td><td>1.000</td></tr><tr><td>Внутренний диаметр</td><td>22</td></tr><tr><td>Тип хвостовика</td><td>нет</td></tr><tr><td>Вид</td><td>насадная</td></tr><tr><td>Тип</td><td>дисковая отрезная</td></tr><tr><td>Материал</td><td>Р6М5</td></tr><tr><td>Количество зубьев</td><td>160</td></tr></table>";1842;"Расходные материалы>Для станков>Оснастка для фрезерных станков>Фрезы и наборы фрез>Фрезы по металлу";https://cdn.vseinstrumenti.ru/images/goods/903328/1000x1000/52380318.jpg;https://ypetp.com/g/bef1f6187aa4b2c6bd42ea9a5e8e92/?erid=LatgBxXun&f_id=24812&ulp=https%3A%2F%2Fwww.vseinstrumenti.ru%2Fproduct%2Ffreza-otreznaya-125h22h1-mm-tip-1-z160-tulamash-tm-39189-903328%2F;Купить;1100000391890;Туламаш
external;vse-7099448;"Пазовая фреза WOODWORK 911.0625.12";1;visible;"<h4>Характеристики:</h4><table border=""1"" style=""border-collapse: collapse"";><tr><td>Внешний диаметр</td><td>6.000</td></tr><tr><td>Рабочая высота</td><td>25.000</td></tr><tr><td>Общая длина</td><td>67.000</td></tr><tr><td>Подшипник</td><td>нет</td></tr><tr><td>Диаметр хвостовика</td><td>12</td></tr><tr><td>Тип</td><td>пазовая прямая</td></tr><tr><td>Вид</td><td>концевая</td></tr></table>";659;"Расходные материалы>Для станков>Оснастка для фрезерных станков>Фрезы и наборы фрез>Фрезы по дереву";https://cdn.vseinstrumenti.ru/images/goods/7099448/1000x1000/72529766.jpg;https://ypetp.com/g/bef1f6187aa4b2c6bd42ea9a5e8e92/?erid=LatgBxXun&f_id=24812&ulp=https%3A%2F%2Fwww.vseinstrumenti.ru%2Fproduct%2Ffreza-pazovaya-6h25-mm-s-12-mm-woodwork-911-0625-12-7099448%2F;Купить;4631162257443;WOODWORK
external;vse-903192;"Концевая фреза Туламаш 134869";1;visible;"<h4>Характеристики:</h4><table border=""1"" style=""border-collapse: collapse"";><tr><td>Внешний диаметр</td><td>16.000</td></tr><tr><td>Длина фрезы</td><td>148.000</td></tr><tr><td>Длина режущей кромки</td><td>63.000</td></tr><tr><td>Количество зубьев</td><td>3</td></tr><tr><td>Материал</td><td>Р6М5</td></tr><tr><td>Тип</td><td>пазовая прямая</td></tr><tr><td>Вид</td><td>концевая</td></tr><tr><td>Тип хвостовика</td><td>МК-2</td></tr></table>";1707;"Расходные материалы>Для станков>Оснастка для фрезерных станков>Фрезы и наборы фрез>Фрезы по металлу";https://cdn.vseinstrumenti.ru/images/goods/903192/1000x1000/51480739.jpg;https://ypetp.com/g/bef1f6187aa4b2c6bd42ea9a5e8e92/?erid=LatgBxXun&f_id=24812&ulp=https%3A%2F%2Fwww.vseinstrumenti.ru%2Fproduct%2Ffreza-kontsevaya-dlinnaya-16h63h148-mm-3-zub-km2-r6m5-tulamash-tm-134869-903192%2F;Купить;1100001348695;Туламаш
external;vse-904272;"Шпоночная фреза Туламаш 134927";1;visible;"<h4>Характеристики:</h4><table border=""1"" style=""border-collapse: collapse"";><tr><td>Внешний диаметр</td><td>16.000</td></tr><tr><td>Длина фрезы</td><td>104.000</td></tr><tr><td>Длина режущей кромки</td><td>19.000</td></tr><tr><td>Материал</td><td>Р6М5</td></tr><tr><td>Тип хвостовика</td><td>МК-2</td></tr><tr><td>Тип</td><td>шпоночная</td></tr><tr><td>Количество зубьев</td><td>2</td></tr><tr><td>Вид</td><td>концевая</td></tr></table>";1168;"Расходные материалы>Для станков>Оснастка для фрезерных станков>Фрезы и наборы фрез>Фрезы по металлу";https://cdn.vseinstrumenti.ru/images/goods/904272/1000x1000/52182483.jpg;https://ypetp.com/g/bef1f6187aa4b2c6bd42ea9a5e8e92/?erid=LatgBxXun&f_id=24812&ulp=https%3A%2F%2Fwww.vseinstrumenti.ru%2Fproduct%2Ffreza-shponochnaya-16h104h19-mm-km2-r6m5-m10-tulamash-tm-134927-904272%2F;Купить;1100001349272;Туламаш
external;vse-1493456;"Пазовая прямая фреза VIRA L553315";1;visible;"<h4>Характеристики:</h4><table border=""1"" style=""border-collapse: collapse"";><tr><td>Внешний диаметр</td><td>8.000</td></tr><tr><td>Рабочая высота</td><td>19.000</td></tr><tr><td>Общая длина</td><td>57.000</td></tr><tr><td>Диаметр хвостовика</td><td>8</td></tr><tr><td>Вид</td><td>концевая</td></tr><tr><td>Тип</td><td>пазовая прямая</td></tr><tr><td>Подшипник</td><td>нет</td></tr></table>";282;"Расходные материалы>Для станков>Оснастка для фрезерных станков>Фрезы и наборы фрез>Фрезы по дереву";https://cdn.vseinstrumenti.ru/images/goods/1493456/1000x1000/88374698.jpg;https://ypetp.com/g/bef1f6187aa4b2c6bd42ea9a5e8e92/?erid=LatgBxXun&f_id=24812&ulp=https%3A%2F%2Fwww.vseinstrumenti.ru%2Fproduct%2Ffreza-pazovaya-pryamaya-s-uluchshennym-zubom-8h19-mm-vira-553315-1493456%2F;Купить;4690521029015;VIRA
external;vse-516132;"Пазовая фреза по дереву Энкор 9228";1;visible;"<h4>Характеристики:</h4><table border=""1"" style=""border-collapse: collapse"";><tr><td>Внешний диаметр</td><td>10.000</td></tr><tr><td>Рабочая высота</td><td>25.000</td></tr><tr><td>Диаметр хвостовика</td><td>8</td></tr><tr><td>Тип</td><td>пазовая прямая</td></tr><tr><td>Вид</td><td>концевая</td></tr></table>";355;"Расходные материалы>Для станков>Оснастка для фрезерных станков>Фрезы и наборы фрез>Фрезы по дереву";https://cdn.vseinstrumenti.ru/images/goods/516132/1000x1000/51131435.jpg;https://ypetp.com/g/bef1f6187aa4b2c6bd42ea9a5e8e92/?erid=LatgBxXun&f_id=24812&ulp=https%3A%2F%2Fwww.vseinstrumenti.ru%2Fproduct%2Ffreza-pazovaya-pryamaya-10h25-mm-hvostovik-8-mm-po-derevu-enkor-9228-516132%2F;Купить;4607051005648;Энкор
external;vse-933928;"Шпоночная фреза GRIFF a340015";1;visible;"<h4>Характеристики:</h4><table border=""1"" style=""border-collapse: collapse"";><tr><td>P-сталь</td><td>да</td></tr><tr><td>M-нержавеющая сталь</td><td>нет</td></tr><tr><td>K-чугун</td><td>нет</td></tr><tr><td>N-цветные металлы</td><td>да</td></tr><tr><td>S-жаропрочные и титановые сплавы</td><td>нет</td></tr><tr><td>H-закаленная сталь</td><td>нет</td></tr><tr><td>Внешний диаметр</td><td>16.000</td></tr><tr><td>Длина фрезы</td><td>79.000</td></tr><tr><td>Длина режущей кромки</td><td>19.000</td></tr><tr><td>Материал</td><td>Р6М5</td></tr><tr><td>Тип</td><td>шпоночная</td></tr><tr><td>Вид</td><td>концевая</td></tr><tr><td>Тип хвостовика</td><td>цилиндрический</td></tr><tr><td>ГОСТ</td><td>9140-2015</td></tr><tr><td>Материал обработки</td><td>сталь, цветные металлы</td></tr><tr><td>Покрытие</td><td>без покрытия</td></tr><tr><td>Группа обрабатываемых материалов</td><td>P – сталь, N – цветные металлы</td></tr></table>";739;"Расходные материалы>Для станков>Оснастка для фрезерных станков>Фрезы и наборы фрез>Фрезы по металлу";https://cdn.vseinstrumenti.ru/images/goods/933928/1000x1000/51783337.jpg;https://ypetp.com/g/bef1f6187aa4b2c6bd42ea9a5e8e92/?erid=LatgBxXun&f_id=24812&ulp=https%3A%2F%2Fwww.vseinstrumenti.ru%2Fproduct%2Ffreza-shponochnaya-16h79h19-mm-r6m5-ts-h-griff-a340015-933928%2F;Купить;4620035051127;GRIFF
external;vse-1160116;"Карнизная фреза REDVERG 840401 6625664";1;visible;"<h4>Характеристики:</h4><table border=""1"" style=""border-collapse: collapse"";><tr><td>Внешний диаметр</td><td>19.050</td></tr><tr><td>Рабочая высота</td><td>7.400</td></tr><tr><td>Общая длина</td><td>48.400</td></tr><tr><td>Тип</td><td>карнизная</td></tr><tr><td>Диаметр хвостовика</td><td>8</td></tr><tr><td>Вид</td><td>концевая</td></tr></table>";432;"Расходные материалы>Для станков>Оснастка для фрезерных станков>Фрезы и наборы фрез>Фрезы по дереву";https://cdn.vseinstrumenti.ru/images/goods/1160116/1000x1000/51562984.jpg;https://ypetp.com/g/bef1f6187aa4b2c6bd42ea9a5e8e92/?erid=LatgBxXun&f_id=24812&ulp=https%3A%2F%2Fwww.vseinstrumenti.ru%2Fproduct%2Ffreza-hm-karniznaya-3-17h7-4h48-4h19-05-mm-redverg-840401-6625664-1160116%2F;Купить;4630046776414;REDVERG
external;vse-1620956;"Набор фрез DEKO DH06-1";1;visible;"<h4>Комплектация:</h4><ul> <li>Пазовая прямая фреза - 6 шт.: 4, 6, 8, 10, 12, 14мм.</li> </ul><br><h4>Характеристики:</h4><table border=""1"" style=""border-collapse: collapse"";><tr><td>Max диаметр фрезы</td><td>14</td></tr><tr><td>Min диаметр фрезы</td><td>4</td></tr><tr><td>Количество</td><td>6.000</td></tr><tr><td>Вид</td><td>концевая</td></tr><tr><td>Диаметр хвостовика</td><td>8</td></tr></table>";592;"Расходные материалы>Для станков>Оснастка для фрезерных станков>Фрезы и наборы фрез>Наборы фрез по дереву";https://cdn.vseinstrumenti.ru/images/goods/1620956/1000x1000/52889420.jpg;https://ypetp.com/g/bef1f6187aa4b2c6bd42ea9a5e8e92/?erid=LatgBxXun&f_id=24812&ulp=https%3A%2F%2Fwww.vseinstrumenti.ru%2Fproduct%2Fnabor-frez-dh06-1-6-sht-8-mm-deko-065-0788-1620956%2F;Купить;6971674994695;DEKO
external;vse-516719;"Пазовая фасонная фреза Энкор 10630";1;visible;"<h4>Характеристики:</h4><table border=""1"" style=""border-collapse: collapse"";><tr><td>Внешний диаметр</td><td>9.500</td></tr><tr><td>Рабочая высота</td><td>8.000</td></tr><tr><td>Диаметр хвостовика</td><td>8</td></tr><tr><td>Тип</td><td>пазовая фасонная</td></tr><tr><td>Вид</td><td>концевая</td></tr></table>";523;"Расходные материалы>Для станков>Оснастка для фрезерных станков>Фрезы и наборы фрез>Фрезы по дереву";https://cdn.vseinstrumenti.ru/images/goods/516719/1000x1000/51131747.jpg;https://ypetp.com/g/bef1f6187aa4b2c6bd42ea9a5e8e92/?erid=LatgBxXun&f_id=24812&ulp=https%3A%2F%2Fwww.vseinstrumenti.ru%2Fproduct%2Ffreza-pazovaya-fasonnaya-9-5h8-mm-r-4-mm-hvostovik-8-mm-po-derevu-enkor-10630-516719%2F;Купить;4603434001771;Энкор
external;vse-516159;"Пазовая прямая фреза по дереву Энкор 10503";1;visible;"<h4>Характеристики:</h4><table border=""1"" style=""border-collapse: collapse"";><tr><td>Внешний диаметр</td><td>14.000</td></tr><tr><td>Рабочая высота</td><td>51.000</td></tr><tr><td>Диаметр хвостовика</td><td>12</td></tr><tr><td>Тип</td><td>пазовая прямая</td></tr><tr><td>Вид</td><td>концевая</td></tr></table>";928;"Расходные материалы>Для станков>Оснастка для фрезерных станков>Фрезы и наборы фрез>Фрезы по дереву";https://cdn.vseinstrumenti.ru/images/goods/516159/1000x1000/51131500.jpg;https://ypetp.com/g/bef1f6187aa4b2c6bd42ea9a5e8e92/?erid=LatgBxXun&f_id=24812&ulp=https%3A%2F%2Fwww.vseinstrumenti.ru%2Fproduct%2Ffreza-pazovaya-pryamaya-14h51-mm-hvostovik-12-mm-po-derevu-enkor-10503-516159%2F;Купить;4607094413707;Энкор
external;vse-838247;"Цанговый патрон GRIFF КМ2ER32";1;visible;"<h4>Комплектация:</h4><ul><li style=""text-align:justify;"">Патрон цанговый КМ4-ER32 – 1 шт.</li><li style=""text-align:justify;"">Цанги ER32 (DIN 6499B) 6 шт.: 6; 8; 10; 12; 16; 20 мм.</li><li style=""text-align:justify;"">Ключ для затягивания гайки цангового патрона.</li><li style=""text-align:justify;"">Упаковка – деревянный ящик.</li></ul><br><h4>Характеристики:</h4><table border=""1"" style=""border-collapse: collapse"";><tr><td>патрон цанговый с набором цанг</td></tr></table>";8644;"Расходные материалы>Для станков>Оснастка для фрезерных станков>Цанговые патроны для фрезерных станков";https://cdn.vseinstrumenti.ru/images/goods/838247/1000x1000/53985506.jpg;https://ypetp.com/g/bef1f6187aa4b2c6bd42ea9a5e8e92/?erid=LatgBxXun&f_id=24812&ulp=https%3A%2F%2Fwww.vseinstrumenti.ru%2Fproduct%2Fpatron-tsangovyj-msb4-er32-hvostovik-konus-morze-din228-a-s-naborom-tsang-6-sht-6-20-mm-griff-b220231-838247%2F;Купить;4630026750496;GRIFF
external;vse-1632784;"Набор фрез по дереву SKRAB 33342";1;visible;"<h4>Комплектация:</h4><ul> <li>Фрезы - 12 шт</li> </ul><br><h4>Характеристики:</h4><table border=""1"" style=""border-collapse: collapse"";><tr><td>Количество</td><td>12.000</td></tr><tr><td>Вид</td><td>концевая</td></tr><tr><td>Диаметр хвостовика</td><td>8</td></tr></table>";1669;"Расходные материалы>Для станков>Оснастка для фрезерных станков>Фрезы и наборы фрез>Наборы фрез по дереву";https://cdn.vseinstrumenti.ru/images/goods/1632784/1000x1000/52922228.jpg;https://ypetp.com/g/bef1f6187aa4b2c6bd42ea9a5e8e92/?erid=LatgBxXun&f_id=24812&ulp=https%3A%2F%2Fwww.vseinstrumenti.ru%2Fproduct%2Fnabor-frez-po-derevu-12-sht-12a-skrab-33342-1632784%2F;Купить;4750735333428;SKRAB
external;vse-130775;"Пазовая прямая фреза по дереву Энкор 9216";1;visible;"<h4>Характеристики:</h4><table border=""1"" style=""border-collapse: collapse"";><tr><td>Внешний диаметр</td><td>16.000</td></tr><tr><td>Рабочая высота</td><td>19.000</td></tr><tr><td>Диаметр хвостовика</td><td>8</td></tr><tr><td>Вид</td><td>концевая</td></tr><tr><td>Тип</td><td>пазовая прямая</td></tr></table>";604;"Расходные материалы>Для станков>Оснастка для фрезерных станков>Фрезы и наборы фрез>Фрезы по дереву";https://cdn.vseinstrumenti.ru/images/goods/130775/1000x1000/51080473.jpg;https://ypetp.com/g/bef1f6187aa4b2c6bd42ea9a5e8e92/?erid=LatgBxXun&f_id=24812&ulp=https%3A%2F%2Fwww.vseinstrumenti.ru%2Fproduct%2Ffreza-pazovaya-pryamaya-16h19-mm-hvostovik-8-mm-po-derevu-enkor-9216-130775%2F;Купить;4607051005570;Энкор
external;vse-904056;"Отрезная фреза Туламаш 115572";1;visible;"<h4>Характеристики:</h4><table border=""1"" style=""border-collapse: collapse"";><tr><td>Внешний диаметр</td><td>80.000</td></tr><tr><td>Высота шпоночного паза </td><td>2.800</td></tr><tr><td>Тип</td><td>дисковая отрезная</td></tr><tr><td>Внутренний диаметр</td><td>22</td></tr><tr><td>Материал</td><td>Р6М5</td></tr><tr><td>Количество зубьев</td><td>40</td></tr><tr><td>Тип хвостовика</td><td>нет</td></tr><tr><td>Вид</td><td>насадная</td></tr></table>";986;"Расходные материалы>Для станков>Оснастка для фрезерных станков>Фрезы и наборы фрез>Фрезы по металлу";https://cdn.vseinstrumenti.ru/images/goods/904056/1000x1000/52278749.jpg;https://ypetp.com/g/bef1f6187aa4b2c6bd42ea9a5e8e92/?erid=LatgBxXun&f_id=24812&ulp=https%3A%2F%2Fwww.vseinstrumenti.ru%2Fproduct%2Ffreza-otreznaya-80h22h2-8-mm-tip-2-z40-tulamash-tm-115572-904056%2F;Купить;1100001155729;Туламаш
external;vse-516243;"Пазовая прямая фреза по дереву Энкор 9226";1;visible;"<h4>Характеристики:</h4><table border=""1"" style=""border-collapse: collapse"";><tr><td>Внешний диаметр</td><td>6.000</td></tr><tr><td>Рабочая высота</td><td>19.000</td></tr><tr><td>Диаметр хвостовика</td><td>8</td></tr><tr><td>Тип</td><td>пазовая прямая</td></tr><tr><td>Вид</td><td>концевая</td></tr></table>";374;"Расходные материалы>Для станков>Оснастка для фрезерных станков>Фрезы и наборы фрез>Фрезы по дереву";https://cdn.vseinstrumenti.ru/images/goods/516243/1000x1000/127515878.jpg;https://ypetp.com/g/bef1f6187aa4b2c6bd42ea9a5e8e92/?erid=LatgBxXun&f_id=24812&ulp=https%3A%2F%2Fwww.vseinstrumenti.ru%2Fproduct%2Ffreza-pazovaya-pryamaya-6h19-mm-hvostovik-8-mm-po-derevu-enkor-9226-516243%2F;Купить;4607051005624;Энкор
external;vse-716427;"Пазовая прямая фреза Энкор 46014";1;visible;"<h4>Характеристики:</h4><table border=""1"" style=""border-collapse: collapse"";><tr><td>Внешний диаметр</td><td>14.000</td></tr><tr><td>Рабочая высота</td><td>19.000</td></tr><tr><td>Общая длина</td><td>51.000</td></tr><tr><td>Диаметр хвостовика</td><td>8</td></tr><tr><td>Тип</td><td>пазовая прямая</td></tr><tr><td>Вид</td><td>концевая</td></tr></table>";392;"Расходные материалы>Для станков>Оснастка для фрезерных станков>Фрезы и наборы фрез>Фрезы по дереву";https://cdn.vseinstrumenti.ru/images/goods/716427/1000x1000/67250275.jpg;https://ypetp.com/g/bef1f6187aa4b2c6bd42ea9a5e8e92/?erid=LatgBxXun&f_id=24812&ulp=https%3A%2F%2Fwww.vseinstrumenti.ru%2Fproduct%2Ffreza-pazovaya-pryamaya-14h19-mm-hvostovik-8-mm-po-derevu-enkor-46014-716427%2F;Купить;4607051009998;Энкор
external;vse-696799;"Спиральная фреза CMT 191.650.11";1;visible;"<h4>Характеристики:</h4><table border=""1"" style=""border-collapse: collapse"";><tr><td>Внешний диаметр</td><td>5.000</td></tr><tr><td>Рабочая высота</td><td>17.000</td></tr><tr><td>Вид</td><td>концевая</td></tr><tr><td>Тип</td><td>спиральная</td></tr><tr><td>Диаметр хвостовика</td><td>6</td></tr></table>";3252;"Расходные материалы>Для станков>Оснастка для фрезерных станков>Фрезы и наборы фрез>Фрезы по дереву";https://cdn.vseinstrumenti.ru/images/goods/696799/1000x1000/51464139.jpg;https://ypetp.com/g/bef1f6187aa4b2c6bd42ea9a5e8e92/?erid=LatgBxXun&f_id=24812&ulp=https%3A%2F%2Fwww.vseinstrumenti.ru%2Fproduct%2Ffreza-spiralnaya-monolitnaya-5x17x60-mm-s-6-mm-rh-z2-po-derevu-cmt-191-650-11-696799%2F;Купить;8019296005103;CMT
external;vse-716451;"Пазовая прямая фреза Энкор 46028";1;visible;"<h4>Характеристики:</h4><table border=""1"" style=""border-collapse: collapse"";><tr><td>Внешний диаметр</td><td>14.000</td></tr><tr><td>Рабочая высота</td><td>51.000</td></tr><tr><td>Общая длина</td><td>102.000</td></tr><tr><td>Вид</td><td>концевая</td></tr><tr><td>Диаметр хвостовика</td><td>12</td></tr><tr><td>Тип</td><td>пазовая прямая</td></tr></table>";858;"Расходные материалы>Для станков>Оснастка для фрезерных станков>Фрезы и наборы фрез>Фрезы по дереву";https://cdn.vseinstrumenti.ru/images/goods/716451/1000x1000/52656296.jpg;https://ypetp.com/g/bef1f6187aa4b2c6bd42ea9a5e8e92/?erid=LatgBxXun&f_id=24812&ulp=https%3A%2F%2Fwww.vseinstrumenti.ru%2Fproduct%2Ffreza-pazovaya-pryamaya-14h102-mm-hvostovik-12-mm-po-derevu-enkor-46028-716451%2F;Купить;4607051009998;Энкор
external;vse-517409;"Кромочная фальцевая фреза Энкор 9302";1;visible;"<h4>Характеристики:</h4><table border=""1"" style=""border-collapse: collapse"";><tr><td>Внешний диаметр</td><td>38.100</td></tr><tr><td>Рабочая высота</td><td>13.000</td></tr><tr><td>Диаметр хвостовика</td><td>8</td></tr><tr><td>Тип</td><td>кромочная</td></tr><tr><td>Вид</td><td>концевая</td></tr></table>";885;"Расходные материалы>Для станков>Оснастка для фрезерных станков>Фрезы и наборы фрез>Фрезы по дереву";https://cdn.vseinstrumenti.ru/images/goods/517409/1000x1000/53395429.jpg;https://ypetp.com/g/bef1f6187aa4b2c6bd42ea9a5e8e92/?erid=LatgBxXun&f_id=24812&ulp=https%3A%2F%2Fwww.vseinstrumenti.ru%2Fproduct%2Ffreza-kromochnaya-faltsevaya-38-1h13h54-mm-hvostovik-8-mm-enkor-9302-517409%2F;Купить;4607051006300;Энкор
